{"level_id":"level_07","width":20,"height":12,"solids":[[1,0,0,0,0,0,0,0,0,0,0,0,0,0,0,0,0,0,0,1],[1,0,0,0,0,0,0,0,0,0,0,0,0,0,0,0,0,0,0,1],[1,0,0,0,0,0,0,0,0,0,0,0,0,0,0,0,0,0,0,1],[1,0,0,0,0,0,0,0,0,0,0,0,0,0,0,0,0,0,0,1],[1,0,0,0,0,0,0,0,0,0,0,0,0,0,0,0,0,0,0,1],[1,0,0,0,0,0,0,0,0,0,0,0,0,0,0,0,0,0,0,1],[1,0,0,0,0,0,0,0,0,0,0,0,0,0,0,0,0,0,0,1],[1,0,0,0,0,0,0,0,0,1,1,1,0,0,0,0,0,0,0,1],[1,0,0,0,0,0,0,0,0,0,0,0,0,0,0,0,0,0,0,1],[1,0,0,1,1,1,1,1,1,0,0,0,0,0,0,0,0,0,0,1],[1,0,0,0,0,0,0,0,0,0,0,0,0,0,0,0,0,0,0,1],[1,1,1,1,1,1,1,1,1,1,1,1,1,1,1,1,1,1,1,1]],"one_way":[],"spawn":[24,156],"goal":[292,160,12,12],"saws":[],"spikes":[[118,176,30,8]],"rails":[{"start":[80,166],"end":[192,122],"radius":6,"phase":0.7000000000000001}],"lasers":[{"rect":[130,144,60,4],"phase":1.1900000000000002}],"falling_blocks":[{"rect":[112,112,16,16]}],"patrols":[{"rect":[150,164,12,12],"left":130,"right":260}],"difficulty_budget":7,"seed":1007,"chapter":"El Muro","motif":"Wall chains en pasillos cortos","lore":"Amor, aventura y yeso en las manos.","jump_pads":[[60,160,16,6]]}
